{
  "total_unknown_pn_count": 2162,
  "total_unknown_usd": 128328513.279629,
  "total_usd_top50": 119539111.550043,
  "top50_usd_share": 0.931509,
  "top50_usd_share_pct": 93.1509
}